isbn;kategori
ISBN0002005018;medical
ISBN0060543957;fiction
ISBN0060914068;medical
ISBN0060973129;medical
ISBN0061000280;medical
ISBN0061076031;actresses
ISBN0140430423;social science
ISBN0140621296;nature
ISBN0156047624;nature
ISBN0245542957;medical
ISBN0312978383;medical
ISBN0316769487;actresses
ISBN0345372700;medical
ISBN0345402871;actresses
ISBN0345413903;fiction
ISBN0345433173;medical
ISBN0345450248;actresses
ISBN0374157065;fiction
ISBN0375400117;nature
ISBN0380619458;nature
ISBN0380715899;nature
ISBN0380717018;nature
ISBN0380718332;medical
ISBN0380754509;actresses
ISBN0385235941;nature
ISBN0385316895;social science
ISBN0385336772;Novel
ISBN0385497466;actresses
ISBN0385508042;nature
ISBN0385509456;Novel
ISBN0385511612;fiction
ISBN0385730586;nature
ISBN0394562720;nature
ISBN0394563158;nature
ISBN0399135782;fiction
ISBN0399144587;nature
ISBN0399151788;fiction
ISBN0399234616;nature
ISBN0425098559;social science
ISBN0425099148;fiction
ISBN0425164403;fiction
ISBN0425182908;medical
ISBN0439095026;social science
ISBN0440222303;fiction
ISBN0440223571;medical
ISBN0440225701;fiction
ISBN0440234743;fiction
ISBN0440234964;actresses
ISBN0440400503;nature
ISBN0446525537;nature
ISBN0446607258;medical
ISBN0446612545;medical
ISBN0451166892;social science
ISBN0451203925;medical
ISBN0451452755;Novel
ISBN0452264464;social science
ISBN0505524996;Novel
ISBN0515069434;nature
ISBN0553280333;fiction
ISBN0553347594;social science
ISBN0590437151;medical
ISBN0609804618;actresses
ISBN0671019155;fiction
ISBN0671495534;actresses
ISBN0671526065;medical
ISBN0671621009;fiction
ISBN0671870432;nature
ISBN0679425608;fiction
ISBN0679752927;medical
ISBN0684823802;actresses
ISBN0743439740;actresses
ISBN0756401860;nature
ISBN0786868716;medical
ISBN0800793013;fiction
ISBN805423001;social science
ISBN0806315326;nature
ISBN0812523873;nature
ISBN0812561309;nature
ISBN0812575954;actresses
ISBN0812970802;medical
ISBN0842342702;nature
ISBN0849951577;actresses
ISBN0887841740;actresses
ISBN0907516084;fiction
ISBN0961769947;nature
ISBN0971880107;actresses
ISBN1552041778;nature
ISBN1558746218;nature
ISBN1567230148;medical
ISBN1588720306;nature
ISBN1881320189;actresses
ISBN006250746X;social science
ISBN0375705856 ;actresses
ISBN038076654X;medical
ISBN042518630X;medical
ISBN051762639X;fiction
ISBN067976397X;social science
ISBN074322678X;medical
ISBN080652121X;medical
ISBNI2342341123;actresses
